feature,importance
HSC_Marks,0.23133877118717322
AptitudeTestScore,0.1506852544934967
ExtracurricularActivities,0.13914015415400205
Projects,0.12219293425733815
SSC_Marks,0.09660276180244955
CGPA,0.09305653803028356
SoftSkillsRating,0.07004926184061518
Workshops/Certifications,0.05801499913728689
PlacementTraining,0.022203476152757015
Internships,0.016715848944597766
